iter	Logloss
0	0.5621882268
1	0.4841178636
2	0.4419782929
3	0.4183737536
4	0.4090998293
